name,sequence,length
5c5sB00,PGHFGVCVDSLTSDKASVPIVLEKLLEHVEMHGLYTEGLYRKSGAANRTRELRQALQTDPAAVKLENFPIHAITGVLKQWLRELPEPLMTFAQYGDFLRAVELPEKQEQLAAIYAVLEHLPEANHNSLERLIFHLVKVALLEDVNRMSPGALAIIFAPCLLRCPDLTSMKDVLKITTCVEMLIKEQMRKYKVKMEEISQLEA,202
2doqD00,PLGSNEEANRFANQAKLRVQEAVFYIWSDKTLKYSQANDEAESFRNTWLLFRSFQQWITLTQTFKEQSRLADQAFLNKFRK,81
1uunA02,WSLGVGINFSYTTPNILIDDGDITRPPFGLNSVITPNLFPGVSISADLGNGP,52
3f3fD01,SGAILVPMTVNDQPIEKNGDKMPLKFKLGPLSYQNMAFITAKDKYKLYPVR,51
3fvcA02,ELSSHGDLFRFSSDIQCPSFKSLGTLNNPATVQIQFAYDSLRRQINRMLGDLARAWCLEQKRQNMVLRELTKINPTTVMSSIYGKAVAAKRLGDVISVSQ,100
2jn0A00,DYVMATKDGRMILTDGKPEIDDDTGLVSYHDQQGNAMQINRDDVSQIIER,50
2efkA01,GQFEVLERHTQWGLDLLDRYVKFVKERTEVEQAYAKQLRSLVKKYLPKESKFSQQQSFVQILQEVNDFAGQRELVAENLSVRVCLELTKYSQEKQERKHFQEGRRAQQQLENGFKQLENSKRKFERDCREAEKAAQTAERLDQDINATKADVEKAKQQAHLRSHAEESKNEYAAQLQRFNRDQAHFYFSQPQIFDKLQDDERRATRLGAGYGLLSEAELEVVPIIAKCLEGKVAANAVDPKNDSHVLIELHKSGFA,256
4uf1A00,AAIEFDEIVKKLLNIYINDICTTGEKRLLNNYEKSILDRIYKSCEYIKKNYELDFNSMYNQININNITTSDIKSKIIEALLIDSRPSVKLATLSFISLIAEKWGEKNRAKIMEILSNEIVEKISNNGKDFIDFID,135
1q0vA00,MDRDYSTPEDEEELIRKAIELSLKESRNSASSEPIVPVVESKNEVKRQEIEEEEDPDLKAAIQESLREAEEAKLRSERQKA,81
1u3oA01,SGGCELTVVLQDFSAAHSSELSIQVGQTVELLERPSERPGWCLVRTTERSPPQEGLVPSSTL,62
1yc9A02,SFDLGLAASATESKVSERYQSATPPDGWNDYGTLTLNFQYDFDFWGPDVTLSAFIGYQAFGLDHLFDSGNDAGAIGPAIYLPL,83
3rsiB01,ARELLVERDGPVVILTMNRPHRRNALSTNMVSQFAAAWDEIDHDDGIRAAILTGAGSAYCVGGD,64
1x6fA00,GSSGSSGLKRDFIILGNGPRLQNSTYQCKHCDSKLQSTAELTSHLNIHNEEFQKRAKRQERRKQLLSKQKYADGAFADFKQESGPSSG,88
1ibtC00,SELDAKLNKLGVDRIAISPYKQWTRGYMEPGNIGNGYVTGLKVDAGVRDVLDGIVSYDRAETKNAYIGQINMTTAS,76
1an2A00,ADKRAHHNALERKRRDHIKDSFHSLRDSVPSLQGEKASRAQILDKATEYIQYMRRKNHTHQQDIDDLKRQNALLEQQVRALEKARS,86
1vq8B01,PQPSRPRKGSLGFGPRKRSTSETPRFNSWPSDDGQPGVKGKGTQGPVKRWGVQKRKGKHARQGWRRRIGNLGPWNPSRVRSTVPQQGQT,89
2odmA00,ATKNAALKQLTKDADEILHLIKVQLDNLCPLYEEVLDTQFGLQKEVDFAVKLGLVDREDGKQILRLEKELSKLHEA,76
2zpnC00,TFKSEYPFEKRKAESERIADRFKNRIPVICEKAEKSDIPEIDKRKYLVPADLTVGQFVYVIRKRIMLPPEKAIFIFVNDTLPPTAALMSAIYQEHKDKDGFLYVTYSG,108
3fcgB00,PYYQWNFAPVVRGIARTQARVEVLRDGYTVSNELVPSGPFELANLPELKVIIHESDGTKQVFTVPYDTPAV,71
2pffB01,MDAYSTRPLVNGAKNLVVSGPPQSLYGLNLTLRKAKAPSGLDQSRIPFSERKLKFSNRFLPVA,63
6hu9c01,MTHLERSRHQQHPFHMVMPSPWPIVVSFALLSLALSTALTMHGYIGNMNMVYLALFVLLTSSILWFRDIVAEATYLGD,78
1c6vX00,KNSKFKNFRVYYREGRDQLWKGPGELLWKGEGAVLLKVGTDIKVVPRRKAKIIKD,55
4b0nA01,KDEQTVYPVIAGMAIGNPQYRCTQNEALAVASKCPGLESIKPVLERIYGNSRIGSRYFAVPDFTPGRAAKGDPLFYPADGSYQVPVDVRLDKFKEKAVPLVSDVARRAIKEAGLNVEDISKLVVVSSTGFLGPGLDCELIKNLGLTRSVDRTLIGFMGCAAAMNGFRNANDYVTANPGKYALMICVELSSVHTTFDDNINDAILHAIFADGCAAAVLKGARKSECPK,227
4ojdH01,RAEPPHCSKTPIVRAQTSQNAMGMQMQFSIGLHTAVCFRLYSLLHTIRLEKLEHHHPIEQPTTYATFVYAAYDFVNGYWVEKDKTKIRSQLDGGTQDRHLDQKRRISLAVTAGARASHQLEKPWIQSARIFDSSLRQAVVTHAEGTNLQISIHLESQNLVFFHN,164
2zuoA01,MATEEAIIRIPPYHYIHVLDQNSNVSRVEVGPKTYIRQDNERVLFAPVRMVTVPPR,56
2rprA00,GSSGSSGLRPLEFLRTSLGGRFLVHESFLYRKEKAAGEKVYWMCRDQARLGCRSRAITQGHRIMVMRSHCHQPDLAGLEALRQRERL,87
3fjsA00,PHLSSGEVASVLPLGKQLTQTPSAALFKEHRLEVRVLPAGKQVGSHSVAGPSTIQCLEGEVEIGVDGAQRRLHQGDLLYLGAGAAHDVNAITNTSLLVTVVLV,103
2gysA02,PPEPRDLQISTDQDHFLLTWSVALHWLSPGDLEFEVVYKRLQDSWEDAAILLSNTSQATLGPEHLMPSSTYVARVRTRLAPGSRLSGRPSKWSPEVCWDSQP,102
4iupA02,VEPSECGRVNVGDLLCFQEREDQALYCDGHVNIKRGIHDHARCNCVFLVRYELDNTEESLGLERICRRPE,70
3c8eB01,YQPAKVWTWDKSAGGAFANINRPVSGPTHEKTLPVGKHPLQLYSLGTPNGQKVTIMLEELLALGVTGAEYDAWLIRIGDGDQFSSGFVEVNPNSKIPALRDHTHNPPIRVFESGSILLYLAEKFGY,126
1t3oA01,IEGRHMLVLSRKINEAIQIGADIEVKVIAVEGDQVKLGIDAPKHIDIHRKEIYLTIQEENNRAAALSS,68
2yucA01,GHLNTCSFNVIPCPNRCPMKLSRRDLPAHLQHDCPKRRLKCEFCGCDFSGEAYESHEGMCPQESSG,66
1lciA03,PGAVGKVVPFFEAKVVDLDTGKTLGVNQRGELCVRGPMIMSGYVNNPEATNALIDKDGWLHSGDIAYWDEDEHFFIV,77
1hcnB00,KEPLRPRCRPINATLAVEKEGCPVCITVNTTICAGYCPTMTRVLQGVLPALPQVVCNYRDVRFESIRLPGCPRGVNPVVSYAVALSCQCALCRRSTTDCGGPKDHPLTCD,110
2ecjA00,GSSGSSGALENLQVEASCSVCLEYLKEPVIIECGHNFCKACITRWWEDLERDFPCPVC,58
3a98B01,SGPILELKEKIQPEILELIKQQRLNRLVEDSDLTRNDLDTLLSEIKLRLLDLENIQIPDAPPPIPKEPSNYDFVYDCN,78
1qoyA00,GILDSMAEIVADKTVEVVKNAIETADGALDLYNKYLDQVIPWQTFDETIKELSRFKQEYSQAASVLVGDIKTLLMDSQDKYFEATQTVYEWCGVATQLLAAYILLFDEYNEKKASAQKDILIKVLDDGITKLNEAQKSLLVSSQSFNNASGKLLALDSQLTNDFSEKSSYFQSQVDKIRKEAYAGAAAGVVVGPFGLIISYSIAAGVVEGKLIPELKNKLKSVQNFFTTLSNTVKQANKDIDAAKLKLTTEIAAIGEIKTETETTRFYVDYDDLMLSLLKEAAKKMINTCNEYQKRHGKKTLF,303
4wksC02,FTLYRLALDPKDPRRYLVDGRSLPLEEKSVAIEVRGADGKLSRVEHKVYQSIYGPLVVWPGKLDWNRSEAYALRD,75
1pm6A00,MYLTLQEWNARQRRPRSLETVRRWVRESRIFPPPVKDGREYLFHESAVKVDLNRPVTGSLLKRIRNGKKAKS,72
2co9A00,GSSGSSGKKKKKKDPNEPQKPVSAYALFFRDTQAAIKGQNPNATFGEVSKIVASMWDGLGEEQKQVYKKKTEAAKKEYLKQLAAYRASLVSKSYTDSGPSSG,102
2m4vA00,SMADRVLRGSRLGAVSYETDRNHDLAPRQIARYRTDNGEEFEVPFADDAEIPGTWLCRNGMEGTLIEGDLPEPKKVKPPR,80
3hn5A02,PYYLVRDAQTLEGNKVNASFKVEKVAGGGIDRVFFLSTTQFVNDAEHNVDRYDETDNLDAYDETGKLYTFATRDYTDNSFQTALKRGTLFGRICIWPKGSDQGIYSKVIRLK,112
5fmnA00,SQESLQKLVNRLSRIEGHIRGVKTMVQENRPCPEVLIQVAAVRGALDRVARLILDDHMNECITRAAAEGNIEQELAELKEALDRFL,86
1aq3A00,ASNFTQFVLVDNGGTGDVTVAPSNFANGVAEWISSNSRSQAYKVTCSVRQSSAQNRKYSIKVEVPKVATQTVGGVELPVAAWRSYLNMELTIPIFATNSDCELIVKAMQGLLKDGNPIPSAIAANSGIY,129
2hvgA02,HYLCTSEDINNVAYATCLKACLNDVVIPCLEKILKLKDLAVEYSHVPLLSRTHGQPASSTTFGKEANFYARIHHHVGVIRRVKVCAKFNGAVGNFNAHKVASKDTDWVNTIGLFLKKHFNLTYSIYCTQIQDHDYICELCDGLARANGTLIDLCVDIWLYISNNLLKLKSSTPHKVNPIDFENAEGNLHIANAFFKLFSSKLPTSRLQRDLSDSTVLRNIGSSLAYCLIAYKSVLKGLNKIDIDRRNLEEELNQNGYADYLAKNVERLS,269
4ae5C00,KKLYTSYGTYGFLHQIKINNPTHQLFQFSASDTSVIFEETDGETVLKSPSIYEVIKEIGEFSEHHFYCAIFIPSTEDHAYQLEKKLISVDDNFRNFGGFKSYRLLRPAKGTTYKIYFGFADRHAYEDFKQSDAFNDHFSKDALSHYFSYFERYLYPIK,158
5lnkA00,MNLMITLLTNFTLATLLVTIAFWLPQLNVYSEKTSPYECGFDPMGSARLPFSMKFFLVAITFLLFDLEIALLLPLPWASQTTNLNTMLTMALLLIFLLAVSLAYEWTQKGLEWTE,115
1pxfA00,METVAYADFARLEMRVGKIVEVKRHENADKLYIVQVDVGQKTLQTVTSLVPYYSEEELMGKTVVVLCNLQKAKMRGETSECMLLCAETDDGSESVLLTPERMMPAGVRVVA,111
3t5oA01,CFCDHYAWTQWTSCSKTCNSGTQSRHRQIVVDKYYQENFCEQICSKQETRECNWQRCP,58
3djlA02,TAESLELGRLANVNPPELLRYDAQGRRLDDVRFHPAWHLLMQALCTNRVHNLAW,54
2a2cA02,KLPSGAVFVIANSCVEMNKAATSCSCPELDQLVDICRKFGAQGSRLTGAGWGGCTVSMVPADKLPSFLANVHKAYYQKQSLFAT,84
3gldA01,GAKLTVTKNLDLVNSNALIPNTDFTFKIEPDTTVNEDGNKFKGVALNTPMTKVTYTNSDKGGSNTKTAEFDFSEVTFEKPGVYYYKVTAEKIDKVPGVSYDTTSYTVQVHVLWNEEQQKPVATYIVGYKEGSKVPIQFKNSLD,143
4xomB00,MTAEALELGRQQAQLLRRSVRRFSTDPVPGDLVEAAVAEALTAPAPHHTRPTRFVWLQTPAIRARLLDRMKDKWRSDLTSDGLPADAIERRVARGQILYDAPEVVIPMLVPDGAHSYPDAARTDAEHTMFTVAVGAAVQALLVALAVRGLGSCWIGSTIFAADLVRDELDLPVDWEPLGAIAIGYADEPSGLRDPVPAADLLILK,205
2xzn800,KKGGKKKWTKGKAKDKVNHAVFIEKKNVESIINNPSKVGKVLTVSTVVEKLKVNGSLARQLMRTMADRKLVEKVAKNGNQWVYSVIGGVKEDK,93
1uunA01,GLDNELSLVDGQDRTLTVQQWDTFLNGVFPLDRNRLTREWFHSGRAKYIVAGPGADEFEGTLELGYQIGFPGIQEVATFSVDVSGAEGGVAVSNAHGTVTGAAGGVLLRPFARLIASTGDSVTTYGEPWNMN,132
1hr6A01,ARTDNFKLSSLANGLKVATSNTPGHFSALGLYIDAGSRFEGRNLKGCTHILDRLAFKSTEHVEGRAMAETLELLGGNYQCTSSRENLMYQASVFNQDVGKMLQLMSETVRFPKITEQELQEQKLSAEYEIDEVWMKPELVLPELLHTAAYSGETLGSPLICPRGLIPSISKYYLLDYRNKFYTPENTVAAFVGVPHEKALELTGKYLGDWQSTH,214
3a8pA02,EDTVRLLKSQTRSLLQKIDMDSKMKKMAELQLSVVSDPKNRKAIENQIRQWEQNLEKFHMDLFRMRCYLASLQGGELPNPKSLLAATSRPSKLALGRLGVLSVSSFHALVCSRD,114
1ay9A00,DYVEQRIDLNQLLIQHPSATYFVKASGDSMIDGGISDGDLLIVDSAITASHGDIVIAAVDGEFTVKKLQLRPTVQLIPMNSAYSPITISSEDTLDVFGVVIHVVKAMR,108
1ndbA01,AHQDALPRLPVPPLQQSLDYYLKALQPIVSEEEWAHTKQLVDEFQTSGGVGERLQKGLERRAKKELTFHHFGKDFPKSEKLSPDAFIQVALQLAYYRIYGQACATYESASLRFHLGRTDTIRSASIDSLAFVKGGDSTVPEQQKVELLRKAVQAHRAYTDRAIRGEAFDRHLLGLKLQAIEDLVSPDIFDTSYAIAHFNLSTSQVPAKTDCVFFGPVVPDGYGICYNPEAHINFSVSAYNSCAETNAARAHYLEKALLDRTLLQNHPRAK,270
1ek9A00,ENLQVYQQARLSNPELRKSAADRDAAFEKINEARSPLLPQLGLGADYTYSNGYRDANGINSNATSASLQLTQSIFDSKWRALTLQEKAAGIQDVTYQTDQQTLILNTATAYFNVLNAIDVLSYTQAQKEAIYRQLDQTTQRFNVGLVAITDVQNARAQYDTVLANELTARNNLDNAVEQLRQITGNYYPELAALNVENFKTDKPQPVNALLKEAEKRNLSLLQARLSQDLAREQIRQAQDGHLPTLDLTASTGISDTSYSGSKTRGAAGTQYDDSNGQNKVGLSFSLPIYQGGVNSQVKQAQYNFVGASEQLESAHRSVVQTVRSSFNNINASISSINAYKQAVVSAQSSLDAEAGYSVGTRTIVDVLDATTTLYNAKQELANARYNYLINQLNIKSALGTLNEQDLLALNNALSKPVSTNPE,423
2jmoA01,VLCPRPGCGAGLLPEPDQRKVTCEGGNGLGCGFAFCRECKEAYHEGECSAVFEAS,55
3bsoA02,STKTKFWRSSTAPLPPGTYEPAYLGGKDPRVKGGPSLQQVMRDQLKPFTEPRGKPPK,57
3qauA03,GIQQGHMKLQAKSLALLAGASESEVAPLVERLISDKTFNLETAQRYLENLR,51
4qq1C03,TETVIDAYRITGEEFKKEQIDSFGDVKKLLVDGVELSLLPAAFQHEIEQNGVKATVCCSNLDYMSFGKLSKENKDDMFLQGVRTPVSD,88
1qu3A04,SDEILKQTSDDYRKIRNTLRFMLGNINDFNPDTDSIPESELLEVDRYLLNRLREFTASTINNYENFDYLNIYQEVQNFINVELSNFYLDYGKDILYIEQRDSHIRRSMQTVLYQILVDMTKLLAPILVHTAEEVWSHTPHVKEESVHLAD,150
1upqA00,LRRDPNLPVHIRGWLHKQDSSGLRLWKRRWFVLSGHCLFYYKDSREESVLGSVLLPSYNIRPDGPGAPRGRRFTFTAEHPGMRTYVLAADTLEDLRGWLRALGRASR,107
3kbgA03,QPGNKAYITAGSHVNQTGTISKIEAKEGSNLVHFQEGFSTIKDHVFIGSSKFSFV,55
1vw4200,SLSPLAQRVVTQLSVMSASRKQPKLLKLAREDLIKHQTIEKCWSIYQQQQRERRNLQLELQYKSIERSMNLLQELSPRLFEAANASEKGKRFPMEMKVPTDFPPNTLWHYNFR,113
3f1jA00,SKHSYVELKDKVIVPGWPTLLEIDFVGGTSRNQFLNIPFLSVKEPLQLPREKKLTDYFTIDVEPAGHSLVNIYFQIDDFLLLTLNSLSVYKDPIRKYFLRLNKEQSKHAINAAFNVFSYRLRNIGVGPLGPDIRSSGP,138
5sviB00,GPLGSDQTWVQCDACLKWRKLPDGMDQLPEKWYCSNNPDPQFRNCEVPEEPED,53
1vw4700,APIFPKLEDVKMHELIGNNNFGKKTYYVERSRTGNLPVYSAYKNGGNKIITEIRKIEGDVIQLRNDLQEQLPFIPKKSWSVVMQSKKIIIKGNAVEAVKRVLTKKF,106
1whnA01,GSSGSSGSGIIKMAIRFDRRAYPPQITPKMCLLEWCRREKLPQPVYETVQRTIDRMFCSVVTVAEQKYQSTLWDKSKKLAEQTAAIVCLRSQGLPEGRLGE,101
2ww8A04,GVADKNGKRLNDSLFWNYDQFTDKTVYEKGAPAAFPVKPEKYSEMKAAGYAVIGDPINGGYIWLNWRESILAYP,74
4dn9A00,SYGLIGKRATPGQRDALIAILVEGASSPGCLSYVVAQDPKDPDAIWITEVWDSPESHKASLSLPSVQDAIACGRPLIAALDEHHETVPVGGHGIG,95
3cmbA00,GFRPQDDFTYLPVHFGGGKFDPETLVTQKATALSLSFETERDLLENYIPEGFELLAPEVQVAFNKFTEINWLHGGQYNLINVAAPVRFHGKKDELDGAYTLVVWENKTAPILGGREQTGIPKIYADIEDLHIVRPHFATTVSYEGNTFLNDFEATGSITGRDLDALKSQFLTNTLGWRYIPKVGAPGAELSQFVLYPQGEVETAEVGKGSLKWTELTPQSPAQYYIVNSLASLPIKRVTQAVLVEGRAILRAGARVIE,258
2ensA01,SGSSGLEEVQLVVEPEGGAVAPGGTVTLTCEVPAQPSPQIHWMKDGVPLPLPPSPVLILPEIGPQDQGTYSCVATHSSHGPQESRAVSISIIEP,94
4myzC00,DITELSEIELEASVLQEIEALEKLIGKEQSLSALQRALIALKDARSKLEKY,51
2lexA00,LLDDGYRWRKYGQKVVKGNPYPRSYYKCTTPGCGVRKHVERAATDPKAVVTTYEGKHNHDLPA,63
3bwnD01,PMSDFVVNLDHGDPTAYEEYWRKMGDRCTVTIRGCDLMNFFKYGREMMKNRWEKLREVVKESDAFTLPKYPEAFCNYFGKSLESYPAFAWLGTKEETDLVSELRRHKVMSRAGERCGSDKKHVRVSMLSREDVFNVFLERLANM,144
4jtmA00,GAMATFTANFKDTDLKSFIETVGANLNKTIIMGPGVQGKVSIRTMTPLNERQYYQLFLNLLEAQGYAVVPMENDVLKVVKS,81
4e1pA00,KVTVTLVDDFDGSGAADETVEFGLDGVTYEIDLSTKNATKLRGDLKQWVAAGRRV,55
1q3eA01,DSSRRQYQEKYKQVEQYMSFHKLPADFRQKIHDYYEHRYQGKMFDEDSILGELNGPLREEIVNFNC,66
1z5hA03,YPVIKLKRNGRKITMYQTRFLLNGEEEGRWPVPVNIKKKDGVERILLEDEASIEADGLIKINADSAGFYRVLY,73
2ox5A00,ADDAKPRVKVPSSAKAGETVTVKALISHKESGQRKDADGKLIPRSIINRFTCELNGVNVVDVAIDPAVSTNPYFEFDAKVDAAGEFKFTWYDDDGSVYEDVKPIAVA,107
1wibA00,GSSGSSGPPKFDPNEVKVVYLRCTGGEVGATSALAPKIGPLGLSPKKVGDDIAKATGDWKGLRITVKLTIQNRQAQIEVVPSASALSGPSSG,92
2djaA00,GSSGSSGVEPVPDTHLRGITCLDHENEKVNMYCVSDDQLICALCKLVGRHRDHQVASLNDRFEKLKQTLEMNLTNLVKSGPSSG,84
1g5gA02,SQTGSIIIKLLPNMPKDKEACAKAPLEAYNRTLTTLLTPLGDSIRRIQESGLSQLAVAVGKMQQFVNDQFNKTAQELDCIKITQQVGVELNLYLTELTTVFGPQITSPALTQLTIQALYNLAGGNMDYLLTKLGVGNNQLSSLISSGLITGNPILYDSQTQLLGIQVTLP,170
3cnvA01,VRYRFLRLAPDEAESRILECRRLRAPAEIARALELRAGETVVTIRRQLSNHPTVIDDLWLPGTHFRGLTLELLTASKAPLYGLFESEFGVSVRADEKLRAVAASPEIAPLLGVEPGRPLLQVDRISYTYGDRPEVRRGLYLTDHYHYRNSL,151
3hnwA00,TAEVILGGKVIKLGGYESEEYLQRVASYINNKITEFNKEESYRRSAELRTDYLNIADDYFKAKKADSLSLDIENKDKEIYDLKHELIAAQIKAESSAKEIKELKSEINKYQKNIVKLETELNDS,124
5xyiU00,VQKIRLTITSSKLPNLQRVVGNLMGKLKKGNLEVRPMPRRRLRITTRRAPCGNGTETYDHFELRIYKRVIDFQGTAEAVKQVTQALEPDVHVEVSVI,97
4j31A00,SESVAIIGAGLVGCLAALAFSKEGYNVTLYDFRQDPRLDTTNLKSINLAISARGIDALKSIDPDACEHILQDMIPMKGRMIHDLKGRQESQLYGEAINSINRSVLNNSLLDELEKSTTELKFGHKLVKIEWTDDKQICHFAITPHTEKYDFVIGCDGAYSATRSQMQRKVEMDFSQEYMNLRYIELYIPPTEEFKPNYGGNFAIAPDHLHIWPRHKFMLIALANSDGSFTSTFFGSKDQISDLITSKSRVREFLIENFPDIINIMDLDDAVKRFITYPKESLVCVNCKPYDVPGGKAILLGDAAHAMVPFYGQGMNCGFEDVRILMALLKKHSGDRSRAFTEYTQTRHKDLVSITELAKRNYKEMS,366
3cjrB01,MKKVVAVVKLQLPAGKATPAPPVGPALGQHGANIMEFVAAFNAATANMGDAIVPVEITIYADRSFTFVTK,70
1z6oM00,TQCNVNPVQIPKDWITMHRSCRNSMRQQIQMEVGASLQYLAMGAHFSKDVVNRPGFAQLFFDAASEEREHAMKLIEYLLMRGELTNDVSSLLQVRPPTRSSWKGGVEALEHALSMESDVTKSIRNVIKACEDDSEFNDYHLVDYLTGDFLEEQYKGQRDLAGKASTLKKLMDRHEALGEFIFDKKLLGIDV,191
2bayE00,GSHMLCAISGKVPRRPVLSPKSRTIFEKSLLEQYVKDTGNDPITNEPLSIEEIVEIVPS,59
1afb100,AIEVKLANMEAEINTLKSKLELTNKLHAFSMGKKSGKKFFVTNHERMPFSKVKALCSELRGTVAIPRNAEENKAIQEVAKTSAFLGITDEVTEGQFMYVTGGRLTYSNWKKDQPDDWYGHGLGGGEDCVTIVDNGLWNDISCQASHTAVCEFPA,154
1k3sA00,ESLLNRLYDALGLDEPLLIIDDGIQVYFNESDHTLECCPFPLPDDILTLQHFLRLNYTSAVTIGADADNTALVALYRLPQTSTEEEALTGFELFISNVKQLKEHYA,106
1rmvA00,SYNITNSNQYQYFAAVWAEPTPMLNQCVSALSQSYQTQAGRDTVRQQFANLLSTIVAPNQRFPDTGFRVYVNSAVIKPLYEALMKSFDTRNRIIETEEESRPSASEVANATQRVDDATVAIRSQIQLLLNELSNGHGYMNRAEFEAILPWTTAPAT,156
2kkeA00,MVGRRPGGGLKDTKPVVVRLYPDEIEALKSRVPANTSMSAYIRRIILNHLEDE,53
2ekhA00,GSSGSSGATSYMTCSAYQKVQDSEISFPAGVEVQVLEKQESGWWYVRFGELEGWAPSHYLVLDENEQPDPSGKESGPSSG,80
2icsA01,DYDLLIKNGQTVNGPVEIAIKEKKIAAVAATISGSAKETIHLEPGTYVSATLEIGKDADLTIFTIQAEEKTLTDSNGLTRVAKEQIRPIKTIIGGQIYDN,100
6d6tA01,NMSLVKETVDRLLKGYDIRLRPDFGGPPVAVGMNIDIASIDMVSEVNMDYTLTMYFQQAWRDKRLSYNVIPLNLTLDNRVADQLWVPDTYFLNDKKSFVHGVTVKNRMIRLHPDGTVLYGLRITTTAACMMDLRRYPLDEQNCTLEIESYGYTTDDIEFYWRGDDNAVTGVTKIELPQFSIVDYKLITKKVVFSTGSYPRLSLSFKLKRN,210
1jeyB02,HSIHWPCRLTIGSNLSIRIAAYKSILQERVKKTWTVVDAKTLKKEDIQKETVYCLNDDDETEVLKEDIIQGFRYGSDIVPFSKVDEEQMKYKSEGKCFSVLGFCKSSQVQRRFFMGNQVLKVFAARDDEAAAVALSSLIHALDDLDMVAIVRYAYDKRANPQVGVAFPHIKHNYECLVYVQLPFMEDLRQYMFSSLKNSKK,201
1novA00,NMLKMSAPGLDFLKCAFASPDFSTDPGKGIPDKFQGLVLPKKHCLTQSITFTPGKQTMLLVAPIPGIACLKAEANVGASFSGVPLASVEFPGFDQLFGTSATDTAANVTAFRYASMAAGVYPTSNLMQFAGSIQVYKIPLKQVLNSYSQTVATVPPTNLAQNTIAIDGLEALDALPNNNYSGSFIEGCYSQSVCNEPEFEFHPIMEGYASVPPANVTNAQASMFTNLTFSGARYTGLGDMDAIAILVTTPTGAVNTAVLKVWACVEYRPNPNSTLYEFARESPANDEYALAAYRKIARDIPIAVACKDN,309
4agsA01,RALKLYVSATCPFCHRVEIVAREKQVSYDRVAVGLREEPQWYKQINPRETVPTLEVGNADKRFFESLIAQYLDNSGAPAGAL,82
5t3eB01,DLSEPFSLTEVQTAYMLGRNPQFELSGISPQTYFEYETELDIARLSRSFQKVIQRHPMLRAVILPEGKQQILRDVPEYEIEVESLVSMPPEKQAARLREERSRMIDHVFPLGQWPLFELKAFQLQEHTYLLCFRYDALLMDGASMNLVGQDLMHYYHQPDAQLPPLSFTFQDYMHIYDDMKR,182
2vqxA01,ARSVIPPYMLRRIIEHGSLPQRDCALHTLNHVKTSTGGEVIRDIYDAENSTQLPGKQVRNEGQASNHDVAVDEAYDYLGVTYDFFWQAFKRNSLDNQGLPLTGSVHYGKEYQNAFWNGQQMVFGDGDGEIFNRFTIAIDVVGHALAHGVTESEAG,155
1l5jA03,FSLAQKMVGRACGVKGIRPGESVLVRFKGKMQPGITLRDLVHAIPLYAIKQGLLTVEKKGKKNIFSGRILEIEGLPDLKVEQAFELTDASAERSAAGCTIKLNKEPIIEYLNSNIVLLKWMIAEGYGDRRTLERRIQGMEKWLANPELLEADADAEYAAVIDIDLADIKEPIL,173
2i4rA00,SHLAVVGDPDFTIGFLAGISDIYEVTSDEEIVKAVEDVLKRDDVGVVIKQEYLKKLPPVLRREIDEKVEPTFVSVG,76
3aonA00,PTRELTRLKKQLTTATRGHKLLKDKQDELRQFILLIRKNNELRQAIEKETQTAKDFVLAKSTVEEAFIDELLALPAENVSISVVEKNISVKVPLNFQYDETLNETPLEYGYLHSNAELDRSIDGFTQLLPKLLKLAEVEKTCQLAEEIEKTRRRVNALEYTIPQLEETIYYIKKLEENER,180
6d7cA01,DKICLGHHAVSNGTKVNTLTERGVEVVNATETVERTNIPRICSKGKQVDADCEGDCYHSGGTIISKLPFQNIDSRAVGKCPRYVKQRSLLLATGMKNVPE,100
1m6uA00,FKVGPPFELVRDYCPVVESHTGRTLDLRIIPRIDRGFDHIDEEWVGYKRNYFTLVSTFETANCDLDTFLKSSFDLLVEDSSVESRLRVQYFAIKIKAKNDDDDTEINLVQHTAKRDKGPQFCPSVCPLVPSPLPKHQIIREASNVRNITKTKKYDSTFYLHRNHVNYEEYGVDSLLFSYPEDSIQKVARYERVQFASSISVKKPFQQNKHFSLHVILGAVVDPDTFHGENPGIPYDELALKNGSKGMFVYLQEMKTPPLIIRGRS,265
1a10I00,KTEWPELVGKSVEEAKKVILQDKPEAQIIVLPVGTIVTPEYRIDRVRLFVDKLDNIAEVPRVG,63
3jc6D01,VSPQQDFSDLMKSWKNERCSPELLPYPHQLMKRLLNRISMQSQLIENISMGFLDMQNESKLPLLCMETELERLKFVIRSYIRCRLSKIDKFSLYLRQLNEDENSLISLTDLLSKDEIKYHDTHSLIWLKLVNDSILKYMPEELQAINDTEGSVNMID,157
4b9kE00,MYVKLISSDGHEFIVKREHALTSGTIKAMLSTNEVNFREIPSHVLSKVCMYFTYKVRYTNSSTEIPEFPIAPEIALELLMAANFLD,86
3o2zF00,KILTGTVVSTKMHRTIVIRRAYLHYIPKYNRYEKRHKNVPVHVSPAFRVQVGDIVTVGQCRPISKTVRFNVVKVSAA,77
4ohvA01,EENVQEFVLKEDCELRFAAGDDSDVCLELVKGYAEIFGTELLLNKKYTFPAKSRVAAFTWKGATIELVGTTESAYVAEST,80
4l68A01,GLAQRLRSHKLTQVSLFQKPLVKVKLGDLMAATNNFNSENIIVSTRTGTTYKALLPDGSALAVKHLSTCKLGEREFRYEMNQLWELRHSNLAPLLGFCVVEEEKFLVYKY,110
1t16A00,AGFQLNEFSSSGLGRAYSGEGAIADDAGNVSRNPALITMFDRPTFSAGAVYIDPDVNISGTSPSGRSLKADNIAPTAWVPNMHFVAPINDQFGWGASITSNYGLATEFNDTYAGGSVGGTTDLETMNLNLSGAYRLNNAWSFGLGFNAVYARAKIERFAGDLGQLVAGQIMQSPAGQTQQGQALAATANGIDSNTKIAHLNGNQWGFGWNAGILYELDKNNRYALTYRSEVKIDFKGNYSSDLNRAFNNYGLPIPTATGGATQSGYLTLNLPEMWEVSGYNRVDPQWAIHYSLAYTSWSQFQQLKATSTSGDTLFQKHEGFKDAYRIALGTTYYYDDNWTFRTGIAFDDSPVPAQNRSISIPDQDRFWLSAGTTYAFNKDASVDVGVSYMHGQSVKINEGPYQFESEGKAWLFGTNFNYAFHHHHHH,427
1chuA01,NTLPEHSCDVLIIGSGAAGLSLALRLADQHQVIVLSKGPVTEFDETDSIDSHVEDTLIAGAGICDRHAVEFVASNARSCVQWLIDQGVLTTLVSKALNHPNIRVLERTNAVDLIVSDKIGLPGTRRVVGAWVWNRNKETVETCHAKAVVLATGGASKVYQYTTNPDISSGDGIAMAWRAGCRVANLEGGVMVDDHGRTDVEGLYAIGEVSYTGLHGANRMASNSLLECLVYGWSAAEDITRRM,243
2hv2A01,TTKRVKKGKEEKEFDLVIYAFNQEPTAERQERFEKLLSHTQSYGFLIDEQLTSQVATPFQVNFHGVRYPAGIGYVASYPEYRGEGGISAI,90
3ek3A01,TNEVLETIKARRSVRAYDRKQIPADDLNAILEAGAYAPSGHYETWHFTAVCNTVKLEELNERIKGAFAKSDDKHLRERGHSETYCCYYHAPTLVIVSNEPKQWWAGDCACAIENFLAATSLGIASCWINQLGTTCDDPEVRAYLTSLGVPENHKVYGCVALGYKA,165
2fn0B00,MKISEFLHLALPEEQWLPTISGVLRQFAEEECYVYERPPCWYLGKGCQARLHINADGTQATFIDDAGEQKWAVDSIADCARRFMAHPQVKGRRVYGQVGFNFAAHARGIAFNAGEWPLLTLTVPREELIFEKGNVTVYADPLAVDTALNGEAYKQQVARAVAEIRRGEYVKVIVSRAIPLPSRIDMPATLLYGRQANTPVRSFMFRQEGREALGFSPELVMSVTGNKVVTEPLAGTRDRMGNPEHNKAKEAELLHDSKEVLEHILSVKEAIAELEAVCLPGSVVVEDLMSVRQRGSVQHLGSGVSGQLAENKDAWDAFTVLFPSITASGIPKNAALNAIMQIEKTPRELYSGAILLLDDTRFDAALVLRSVFQDSQRCWIQAGAGIIAQSTPERELTETREKLASIAPYLMV,412
2g5xA02,RFKYIEDQVINRGMYSSFEAGARITLLENNWSKISEQYHKSCKLGGGQFTEEEMKLGLLLYN,62
3fidA00,SSLAISVANDDAGIFQPSLNALYGHPAADRGDYTAGLFLGYSHDLTDASQLSFHIAQDIYSPSGANKRKPEAVKGDRAFSAFLHTGLEWNSLATNWLRYRLGTDIGVIGPDAGGQEVQNRAHRIIGAEKYPAWQDQIENRYGYTAKGMVSLTPAIDILGVNVGFYPEVSAVGGNLFQYLGYGATVALGNDKTFNSDNGFGLLSRRGLIHTQKEGLIYKVFAGVERREVDKNYTLQGKTLQTKMETVDINKTVDEYRVGATIGYSPVAFSLSLNKVTSEFRTGDDYSYINGDITFFF,296
2r7eB01,RSFQKKTRHYFIAAVERLWDYGMSSSPHVLRNRAQSGSVPQFKKVVFQEFTDGSFTQPLYRGELNEHLGLLGPYIRAEVEDNIMVTFRNQASRPYSFYSSLISYEEDQRQGAEPRKNFVKPNETKTYFWKVQHHMAPTKDEFDCKAWAYSSDVDLEKDVHSGLIGPLLVCHTNTLNPAHGRQV,183
3it8D02,DTTPTVKVTGNELEDGNMTLECTVNSFYPPDVITKWIESEHFKGEYKYVNGRYYPEWGRKSNYEPGEPGFPWNIKKDKDANTYSLTDLVRTTSKMSSQPVCVVFHDTLEAQVYTCSEGC,119
1i3pA00,PVEIDVSQTIIRDCQVDKQTRELVYINKIMNTQLTKPVLMMFNISGPIRSVTRKNNNLRDRIKSKPDEQFDQLEKDYDSIKYFKDEHYSVSCQNGSVLKSKFAKILKSHDYTDKKSIEAYEKYCLPKLVDERNDYYVAVCVLKPGFENGSNQVLSFEYNPIGNKVIVPFAHEINDTGLYEYDVVAYVDSVQFDGEQFEEFVQSLILPSSFKNSEKVLYYNEAKSMIYKALEFTTKYNWKIFCNGFIYDKKSKVLYVKLHNVTSALNKNVILNTI,274
1jq4A00,MQRVHTITAVTEDGESLRFECRSDEDVITAALRQNIFLMSSCREGGCATCKALCSEGDYDLKGCSVQALPPEEEEEGLVLLCRTYPKTDLEIELPYTH,98
1f3lA02,ICTISLVAVSDVSKHADRIAFWDDVYGFNMSCMKKAVIPEAVVEVVDHKTLISDPCDIKHIDCHTTSISDLEFSSDFTLRTTKTAMCTAVAGYFDIYFEKNCHNRVVFSTGPQSTKTHWKQTIFLLEKPFPVKAGEALKGKITVHKNKKDPRSLIVTLTLNSSTQTYSLQ,170
2mqcA00,GHMGSPVSYYFSYADGGTSHTEYPDDSSAGSFILDITSYKKTGNSTKALSWNASGDSWIHVNGSSVSYDENPAKERRTGLVTLKQDESGKTLSLKIVQPGKTSID,105
1i94H02,KHIRRISRPGRRVYVGVKEIPRVRRGLGIAILSTPKGVLTDREARKLGVGGELICEVW,58
3qwwA01,LERFCSAGKGRGLRALRPFHVGDLLFSCPAYACVLTVGFTIEDEELSHLGSAIFPDVALMNHSCCPNVIVTYKGTLAEVRAVQEIHPGDEVFTSY,95
3lnnA03,LVKVLPPLAGRIVSLNKQLGDEVKAGDVLFTIDSAGGGHILAVRSPINGRVVDLNAATGAYWNDTTASLMTVA,73
1du2A00,MLKNLAKLDQTEMDKVNVDLAAAGVAFKERYNMPVIAEAVEREQPEHLRSWFRERLIAHRLASVNLSRLPYEPKLK,76
2jugA01,SAGALLAHAASLGVRLWVEGERLRFQAPPGVMTPELQSRLGGARHELIALLRQLQ,55
4lj0A00,EQDCKYWPNCANPLCAFRHPTMPPCRNGGECKVPGCKFTHLKTPCKFRPCTNRSCPFLHEEGQRG,65
2e5wA01,MRDMEFIEWYPRGYGVAFKVKRKILEEQSEYQKIEVYETEGFGKLLAIDGTVQLVT,56
1rerA01,YEHSTVMPNVVGFPYKAHIERPGYSPLTLQMQVVETSLEPTLAHTASLKAKVRVMYGNVNQTVDVYVNGDHAVTIGGTQFIFGPLSSAWTPFFGCQIKTNPVRAMNCAVGNIPVSMNLPDSAFTRI,126
2vzsA01,LSVGAAAGNATPIPGYVIQSSAQVSDDSAVSKPGFPTSGWYPVSSRSTVYAGLLQNGKYADPFYSTNMQNVPAAQFSVPWWYRTDLNVDDTSSRTYLDFSGVLSKADVWVNGTKVATKDQVNGAYTRHDLDITAQVHTGVNSVAFKVYPNDPNRDLSMGWIDWAQTPPDQNMGIVRDVLVRRSG,184
5d1kB01,NIPHGQCVICLYGFQEKEAFTKTPCYHYFHCHCLARYIQHMEQELKAQGGVQCPVCREPLVYDLASLKAAPEPQQPM,77
1cscA01,ASSTNLKDVLAALIPKEQARIKTFRQQHGGTALGQITVDMSYGGMRGMKGLVYETSVLDPDEGIRFRGFSIPECQKLLPKGGGGEPLPEGLFWLLVTGQIPTGAQVSWLSKEWAKRAALPSHVVTMLDNFPTNLHPMSQLSAAITALNSESNFARAYAEGILRTKYWEMVYESAMDLIAKLPCVAAKIYRNLYRAGSSIGAIDSKLDWSHNFTNMLGYTDAQFTELMRLYLTIHSDHEGGNVSAHTSHLVGSALSDPYLSFAAAMNGLAGPLHGLYYTVLFGVSRALGVLAQLIWSRALGFPLERPK,307
2cfmA02,PIKPLAQQAASIRDALLEGGEAEFEIKYDGARVQVHKDGSKIIVYSRRLENVTRAIPEIVEALKEAIIPEKAIVEGELVAIGENGRPLPFQYVLRRFRRKHNIEEEKIPLELNLFDVLYVDGQSLIDTKFIDRRRTLEEIIKQNEKIKVAENLITKKVEEAEAFYKRALEGHEGLAKRLDAVYEPGNRGKKWLKI,195
2heyT02,WCNLRSGSERKQLCTATQDTVCRCRAGTQPLDSYKPGVDCAPCPPGHFSPGDNQACKPWTNCTLATLQPASNSSDAIC,78
4hgzA02,NPAGQRLATGNTFGTVELEDTAVHLEASKHDPLAQTLSAHHIVLSEGGGIRLFPYRLRYA,60
2zc0A01,MDYTKYLAGRANWIKGSALADVMKKASELQKKGVKLISLAAGDPDPELIPRAVLGEIAKEVLEKEPKSVFEKYHLEGALLGYKEKRDIMLKALENHLPNAEFTKPIAGMFVMFFLPEGADGISFANELMEREGVVVVPGKPFYTDESGKNAIRLNFSRPSKEEIPIGIKKLAKLYKEKF,179
3p26A01,VQRYYKTTVPTKPKKPHDISAFVKSALPHLSFVVLGHVDAGKSTLMGRLLYDLNIVNQSQLRKLQRRGVTVSICTSHFSTHRANFTIVDAPGHRDFVPNAIMGISQADMAILCVDCSTFDLDGQTKEHMLLASSLGIHNLIIAMNKMDNVDWSQQRFEEIKSKLLPYLVDIGFFEDNINWVPISGFSGEGVYKIEYTDEVRQWYNGPNLMSTLENAAFKISK,222
1yzyA02,KGTNAFTPTKGKTVVLSGSCSVMTNKQVEKYREKAPHFQLDVEQAIHNENYIEQLYQWVIANLDSEFAPMVYATVPPDALKAIQHQFGVDQASHAIENTFAKLAAKLKQYGVTNFITAGGETSSIVVQELGFTGFHIGKQIAPGVPWLKAVEEDIFLALKSGNFGKEDFFEYAQGMFL,178
2wyoD02,PSMISRGEFGTLCCMQPLWNEAVDNTARNLMLGIFRTDYMREGVSTTASRWKNVEINTERNMCSEVGIFGVILSAAKGSSVGTNGSSVLFNTFAGYTVRSKPADADDGGVMAGVAALDSLAVVP,124
1yhqH00,KPASMYRDIDKPAYTRREYITGIPGSKIAQHKMGRKQKDADDYPVQISLIVEETVQLRHGSLEASRLSANRHLIKELGEEGDYKMTLRKFPHQVLRENKDGMRAAFGKIVGTAARVQAGEQLFTAYCNVEDAEHVKEAFRRAYNKITPSCRIKVERGEEL,160
2hpuA02,FYVVGSARRGGMGAPEAVPFSSRDEAAAFVLAEGGQVLALADITDAMVLTPVETGSEPRADDE,63
1o4sA01,VSRRISEIPISKTMELDAKAKALIKKGEDVINLTAGEPDFPTPEPVVEEAVRFLQKGEVDNSYMVQTFKERKNFVVERLKKMGVKFVEPEGAFYLFFKVRGDDVKFCERLLEEKKVALVPGSAFLKPGFVRLSFATSIERLTEALDRIEDF,151
2ds2D01,RPALRQCCNQLRQVDRPCVCPVLRQAAQQVLQRQIIQGPQQLRRLFDAARNLPNICN,57
3u4qB03,SGTERHTKTPELAHLEAQYEARPAIPYAEKQEALTVMQAANRRAELEGIAREIHALVREKGYRYKDVAILARQPEDYKDMVKEVFADYEIPYFIDGKLIPPALDQVFVGNMDLSRMYGTSCTFVLGANDGVLPARPDENGVLSDDDREWLKTIGVELSSGGRERLLDEHFLIYMAFSSPSDRLYVSYPIADAEGKTLLPSMIVKRLEELFPHHKERLL,218
4k3bA06,TGSLDLSAGWVQDTGLVMSAGVSQDNLFGTGKSAALRASRSKTTLNGSLSFTDPYFTADGVSLGYDIYGKAFDPRKASTSVKQYKTTTAGGGVRMGIPVTEYDRVNFGLAAEHLTVNTYNKAPKRYADFIRKYGKTDGADGSFKGLLYKGTVGWGRNKTDSASWPTRGYLTGVNAEIALPGSKLQYYSATHNQTWFFPLSKTFTLMLGGEVGIAGGYGRTKEIPFFENFYGGGLGSVRGYESGTLGPKVYDEYGEKISYGGNKKANVSAELLFPMPGAKDARTVRLSLFADAGSVWDGRTYTAAENGNNKSVYSENAHKSFTNELRYSAGGAVTWLSPLGPMKFSYAYPLKKKPEDEIQRFQFQLGTTF,369
4p78C00,MESGELIKRLEDAGWQIRGGRKTNSGSHVTLCKPGVRKIITLPYPRKDISKGLLRQAQKIAGIKLS,66
5h8yD02,CGDLNRNVLAPAAPYVKKDILFAQQTAENIAALLTPQSGAYYDLWVDEEPPEVTKARNDNGTNFPDSPEPIYGTQYLPRKFKVAVTAAGDNSVDILTNDIGVVVVSDDAGEPIGFNIYVGGGMGRTHRVETTFPRLADPLGYVPKEDILYAIKAIVVTQRENGRRDDRKYSRMKYMIDRWGIDRFRAEVEKYYGKKFESFRPL,203
1n9pA00,RQRFVDKNGRCNVQHERAETLFSEHAVISRDGKLTLFRVGNLRNSHVSAQIRCKLLKSRQTPEGEFLPLDQLELDVGFSTGADQLFLVSPLTICHVIDAKSPFYDLSQRSQTEQFEVVVILEGIVETTGTCQARTSYTEDEVLWGHRFFPVISLEEGFFKVDYSQFHATFEVPTPPYSVKEQEELLSSP,189
1owqA02,FGRSYTLASSKTDVGAPISGPGIPGQFTKEKGTLAYYEICDFLHGATTHRFRDQQVPYATKGNQWVAY,68
4dczA00,QNKDPDELRSKVPGEVTASDWEALVGDTRYGYFDETGDWSWKGYFDEQGKWVWNE,55
3havB02,GERITYEQYHKLSEKEKDALAYDEATFLKELHSIEIDCSVSLFSDALVNKKDKFLQDKKLLISILEKEQLLTDEMLEHIETIYENILNNAVLFKYTPCLVHNDFSANNMIFRNNRLFGVIDFGDFNVGDPDNDFLCLLDCSTDDFGKEFGRKVLKYYQHKAPEVAERKAELNDVYWSIDQIIYGYEDREMLIKGVSELLQTQAEMFIF,208
2vveA01,QEQTTKSRDVNSFQIPLRDGVRELLPEDASRNRASIKSPVDIWIGGENMTALNGIVDGGRKFEAGQEFQINTFGSVNYWVSDEGYAQILMERT,93
2vpzB02,PPCVPVCPTGASYQTKDGLVLVDPKKCIACGACIAACPYDARYLHPAGYVSK,52
1p2zA02,IIENHGTEDNLNANLWRNFLYSNIALYLPDKLKYNPTNVEISDNPNTYDYMNKRVVAPGLVDCYINLGARWSLDYMDNVNPFNHHRQPMSRQVVDDTKYKEYQQVGILHQHNNSGFVGYLAPTMREGQAYPANVPYPLIGKTAVDSITQKKF,152
1jg8A01,MIDLRSDTVTKPTEEMRKAMAQAEVGDDVYGEDPTINELERLAAETFGKEAALFVPSGTMGNQVSIMAHTQRGDEVILEADSHIFWYEVGAMAVLSGVMPHPVPGKNGAMDPDDVRKAIRPRNIHFPRTSLIAIENTHNRSGGRVVPLENIKEICTIAKEHGINVHIDGARIFNASIASGVPVKEYAGYADSVMFCLSGLCAPVGSVVVGDRDFIERARKARKMLGGGMRQAGVLAAAGIIALTK,245
1gtdA00,KFVEVRIRLKKGLNPEAATIERALALLGYEVEDTDTTDVITFTDEDSLEAVEREVEDCQRLLCNPVIHDYDVSINE,76
3kalB05,LWSLEDSDIVKKAIENPELFVMKPQREGGGNNIYGDELRETLLKEDAAYILMQRIFPAT,59
2r7rA07,SSKITINDILRDIKPFFTVSDAHLPIQYQKFMPTLPDNVQYIIQCIGSRTYQIDFNSPDLEKLIRIPFKGKIPAVTFILHLYAKLEVINYAIKNGSWISLFCNYPKSEMIKLWKKMWNIT,120
1ug1A00,GSSGSSGASLLARYPPEKLFQAERNFNAAQDLDVSLLEGDLVGVIKKKDPMGSQNRWLIDNGVTKGFVYSSFLKPYNPRRSHSDASSGPSSG,92
2kkqA00,MGHHHHHHSHEHKRAPMFIYKPQSKKVLEGDSVKLECQISAIPPPKLFWKRNNEMVQFNTDRISLYQDNTGRVTLLIKDVNKKDAGWYTVSAVNEAGVTTCNTRLDVTARPNQTLP,116
4hwnA00,FPAPILRAVPSAEPQAGSPMTLSCQTRLLFSFYKDGRIVQSRGLSSEFQIPTASEDHSGSYWCEAATEDNQVWKQSPQLEIRVQG,85
1rzhL01,ALLSFERKYRVPGGTLVGGNLFDFWVGPFYVGFFGVATFFFAALGIILIAWSAVLQGTWNPQLISVYPPALEYGLGGAPLAKGGLWQIITICATGAFVSWALREVEICRKLGIGYHIPFAFAFAILAYLTLVLFRPVMMGAWGYAFPYGIWTHLDWVSNTGYT,163
5jv4A00,MAEFDAVTAFADAPAAVLSTLNADGAPHLVPVVFAVHVPHVEGQPARIYTAVDAKRKTTRNLRRLANIDRDSRVSLLVDHYSDDWTQLWWVRADGVATTHHSGDEVATGYALLRAKYHQYERVSLDGPVISVEVSRWASWQA,142
1x7fA02,RYMLQLKVHFVDEATEVEKRATLQELHVRRGDITEYMVRSTEVRKKYKDYDFPVRESVLQERGQVVIGNNSFGKYKGELQIILKEMPIDERKNIVGTIAEEELFLLDYVGAWTQFTCVE,119
1hkgA03,DSHGILVNYTDAIKMGIIFGSGVNAAYWCDSTIADAADAGGGAGMVCCQDSFRKAFPSLPQIYTLNSPAKTFEKNSAKNGQSLRDVLMYKGQHADFAANVENSSYPAKIQKLPHFDLRDLFGDQGIAKTMKVVRRLFLIAAYAFRLVVCIAICQKKGYSSGHIAAGSRDYSGFSNSATNNIYGWPQSASKPIITPAIDGEGAAVISIASSQASAA,215
1e8uA00,GAPIHDPDFIGGIGKELIVDNASDVTSFYPSAFQEHLNFIPAPTTGSGCTRIPSFDMSATHYCYTHNVILSGCRDHSHSHQYLALGVLRTTATGRIFFSTLRSISLDDTQNRKSCSVSATPLGCDMLCSKVTETEEEDYNSAVPTLMAHGRLGFDGQYHEKDLDVTTLFEDWVANYPGVGGGSFIDGRVWFSVYGGLKPNSPSDTVQEGKYVIYKRYNDTCPDEQDYQIRMAKSSYKPGRFGGKRIQQAILSIKVSTSLGEDPVLTVPPNTVTLMGAEGRILTVGTSHFLYQRGSSYFSPALLYPMTVSNKTATLHSPYTFNAFTRPGSIPCQASARCPNSCVTGVYTDPYPLIFYRNHTLRGVFGTMLDSEQARLNPASAVFDSTSRSRITRVSSSSTKAAYTTSTCFKVVKTNKTYCLSIAEISNTLFGEFRIVPLLVEILKND,446
3ozqA01,GHMEDQEFPNAVNSFTPSVYKEVLKTEKANFLVSWLVPFPPFHTRKSDFHKSAKEVVQVDTMYLDEQYFNYYECHHLDAKLLELPFKGGASLTIVLSNQIEGLVSLESKIKRSFLPHNLTKQLVNVALPKFKIESTVDFIVDHPFIFYIKVKGMILFAGRVTTLN,165
1uzxA00,SVPEAVVNWLFKVIQPIYNDGRTTFHDSLALLDNFHSLRPRTRVFTHSDGTPQLLLSIYGTISTGSIPVIWVPSYPVKPPFISINLENFDNTLPIQEYIDSNGWIALPILHCWDPAANLIVVQELSLLHEPPQD,134
1vq8E02,WEYGMEVFYSHFPMQVNVEGDEVVIENFLGEKAPRRTTIHGDTDVEIDGEELTVSGPDIEAVGQTAADIEQLTRINDKDVRVFQDGVYITRKP,93
2npiA03,PYAIGVDYEDLTIWKPSNVFDNEVGRVELFPVTITPSNLQHAIIAITFAERRADQATVIKSPILGFALITEVNEKRRKLRVLLPVPGRLPSKAILTSYRYLE,102
1f45B00,QNLLRAVSNMLQKARQTLEFYPCSTVEACLPLELTKNESCTSFITNGSSFMMALCLSSIYEDLKMYQVEFKTMNAKLLMDPKRQIFLDQNMLAVIDELMQALYKTKIKLCILLHAFRIRAVTIDRVMSYLNAS,133
3skvA01,RARADRSVSPTDPALTYRGAVSLQDRDGWLAPWRAPHEDAYLYFPKGSVGRLAQTSGVRLHLRTDSPWLAVRYEAVGPKPKPGEPQEPALLDVLVDGELARTVELKLDADAELHVDGLPAGDKLVELWLPTLLQFRLAEVRLEAGATLEKDTSS,154
3o2zP00,NNYKKRLLGTAFKSSPFGGSSHAKGIVLEKLGIESKQPNSAIRKCVRVQLIKNGKKVTAFVPNDGCLNFVDENDEVLLAGFGRKGKAKGDIPGVRFKVVKVSGVSLLALWKEKKEK,116
2wzvA01,DLAQAAERLIKGRRAVRAFRPDEVPEETRAVFELAGHAPSNSNTQPWHVEVVSGAARDRLAEALVTAHAEERVTVDFPYREGLFQGVLQERRADFGSRLYAALGIARDQTDLLQGYNTESLRFYGAPHVALFAPNNTEARIAGDGIYAQTLLATAHGIASCPQALLSFYADTVRAELGVENRKLLGISFGYADDTAAVNGVRIPRAGLSETT,212
1bcpD00,DVPYVLVKTNMVVTSVAMKPYEVTPTRMLVCGIAAKLGAAASSPDAHVPFCFGKDLKRPGSSPMEVMLRAVFMQQRPLRMFLGPKQLTFEGKPALELIRMVECSGKQDCP,110
1vq8300,MQMPRRFNTYCPHCNEHQEHEVEKVRSGRQTGMKWIDRQRERNSGIGNDGKFSKVPGGDKPTKKTDLKYRCGECGKAHLREGWRAGRLEFQE,92
4dixA02,AAGLGSYVEALVRKHDVDFNVVVTQMSGEDHTSESIHLFHVGKMRIKLCKGKTVIAKEYYSSAMQLCGVRGGGNAAAQALYWQAKKGVSFVIAFESERERNAAIMLARRFACDCNVTLAGPEDRT,125
3ukmA01,NSATMFGFLVLGYLLYLVFGAVVFSSVELPYEDLLRQELRKLKRRFLEEHECLSEQQLEQFLGRVLEASNYGVSVLWNWDFTSALFFASTVLSTTGYGHTVPLSDGGKAFCIIYSVIGIPFTLLFLTAVVQRITVHVTRRPVLYFSKQVVAIVHAVLLGFVTVSCFFFIPAAVFSVLEDDWNFLESFYFCFISLSTIGLGDYVPGEGYNQKFRELYKIGITCYLLLGLIAMLVVLETFCELHELKKFRKMFY,252
3zlaD01,GSMIELEFHDVTFDPEVAYANFKRVHTTGLSYDHIRIFYIKGREIKTSLAKRSEWEVTLNLGGWKITVYNTNFPGNRNNPVPDDGLTLHRLSGFLARYLLEKMLKVSEPEKLIIKSKIINPLAEKN,126
3htkC02,CPITCKPYEAPLISRKCNHVFDRDGIQNYLQGYTTRDCPQAACSQVVSMRDFVR,54
1u97A00,MTETDKKQEQENHAECEDKPKPCCVCKPEKEERDTCILFNGQDSEKCKEFIEKYKECMKGYGFEVPSAN,69
3jqoA01,VANPSLTVPKGKIPCGTGTELDTTVPGQVSCRVSQDVYSADGLVRLIDKGSWVDGQITGGIKDGQARVFVLWERIRNDQDGTIVNIDSAGTNSLGSAGIPGQVDAHWPTLYDQQGDAVSIFVARDLDFSGVYTLADN,137
1vw3B01,LYKGRPVRALTVVRKKHGGRNNSGKITVRHQGGGHRNRTRLIDFNRWEGGAQTVQRIEYDPGRSSHIALLKHNTTGELSYIIACDGLRPGDVV,93
2uv8G08,EDRNQRIKEMYWKLWIDEPFNLDFDPRDVIKGKDFEITAKEVYDFTHAVGNNCEDFVSRPDRTMLAPMDFAIVVGWRAIIKAIFPNTVDGDLLKLVHLSNGYKMIPGAKPLQVGDVVSTTAVIESVVNQPTGKIVDVVGTLSRNGKPVMEVTSSFFYRGKVNLENPIPIAVLDSYTPSTNEPYARVSGDLNPIHVSRHFASYANLPGTITHGMFSSASVRALIENWAADSVSSRVRGYTCQFVDMVLPNTALKTSIQHVGMINGRKLIKFETRNEDDVVVLTGEAEIEQ,289
2okqB00,ENLYFQSNAMKYVDGFVVAVPADKKDAYREMAAKAAPLFKEFGALRIVECWASDVPDGKVTDFRMAVKAEENEEVVFSWIEYPSKEVRDAANQKMMSDPRPFDGKRMIYGGFESIIDE,118
2ar5A00,MDGRIKEVSVFTYHKKYNPDKHYIYVVRILREGQIEPSFVFRTFDEFQELHNKLSIIFPLWKLPGFPNRMVLGRTHIKDVAAKRKIELNSYLQSLMNASTDVAECDLVCTFFHGSHH,117
1z8fA01,AVGRVVVLSGPSAVGKSTVVRCLRERIPNLHFSPVLIEVDLAGARAIKKTMPEAVTVFLAPPSWQDLQARLIGRGCETADVIQRRLDTARIELAAQGDFDKVVVNRRLESACAELVSLLVG,121
5d8dD03,TAPYRIITKETDLDSVIAELGLPVIIKPVHEGSSVGMSKVEKAEDFAAAIEKATQHDAVVMAEKWI,66
4mtnA02,GQIVSGTVTRNEGSAITVNIGKAEAILPRSEIPGESHRPNERIRAVVLEVKKGPRVRVVLS,61
2r7kA02,MFGNRRILRWESERSLEGKLLREAGLRVGTNFCIHYFYSPLKDEVELLGMDKRYESNIDGLVRIPAKDQLEMNINPSYVITGNIPVVIRESLLPQVFEMGDKLVAKAKELVPPGMIGPFCLQSLCNENLELVVFEMSARVDGGTNSFMNGGPYSFLYNGEPLSMGQRIAREIKMALQLDMIDKIIS,186
3vg8A00,GALPNFIPGLGTLYVDPSTLPEGPFLAYDRAGNLVKVVFVPLKKLNESHKYVDIGTKTLRALGITRIDHVNIPSGPHPGVSEPHYHIELVLVSVDQERKVLEG,103
2jh3A04,WTPWMSTARRQTGTLARVQRATPDQVDTVAAQVCASCLRTRLWAGHTLGQTIFSGVPGGLPCAEACTVLLAAVRDEVG,78
3g3oA00,NFRSFKFWVHNDNLEVKTRILRHLPVLVDPLINTLYFDNEHFELYNDKLLKLNSAPTLRLRWTGQLSDKPDIFLEKKTLISEFDLTKLQLKQKFINGFIFEGDKKFKEQTLKKLKESGTAGRDLERLEEDFSEIQNFIIKNELQPVFRTVYTRTAFQIPGDDKIRVTIDSNIVFIKEDSFDRERPIRDPNTWHRTDIDANVANPLKFLRGGEYAKFPYSVEIKVKSIHGQWLNDLTNSHLVKEIPKFSIFVQGVASLYGDDEKLDILPFWLLETDIRQ,278
3p3cA02,YFVVEEPIIVEDEGRLIKAEPSDTLEVTYEGEFKNFLGRQKFTFVEGNEEEIVLARTFAFDWEIEHIKKVGLGKGGSLKNTLVLGKDKVYNPEGLRYENEPVRHKVFDLIGDLYLLGSPVKGKFYSFRGGHSLNVKLVKELAKKQKLTRDL,151
3dm4A00,NTLELSARVLECGARHTPAGLPALELLLVHESEVVEAGHPRRVELTISAVALGDLALLLADTPLGTEQVQGFLAPARKDSVKVKLHLQQARRIAG,95
2a38A02,AETAPPNFVQRLQSMTVRQGSQVRLQVRVTGIPTPVVKFYRDGAEIQSSLDFQISQEGDLYSLLIAEAYPEDSGTYSVNATNSVGRATSTAELLVQ,96
3zs6A01,LADQQDLTRQVPAEVESLDPAHIESWTGNTIGLDLFKDAVAKFGDAWTRPKNIVSNGPYTLVDWQPNNRIVMAKSDKYWNARNVVIRKVTYLPIENDETALRMYQAGQIDYTYSIPAGGFGQISKQFGKELRPGLQLADRLVKSYVGGYTLTNYIDMRASQDMYLIK,167
3lvtA03,AHPFVLFNTSGYQKTEVVTVEVEIERLPFYTGKPEDLYHELKQKATPDYQVIDPTGKAVASRIVKEDVRFGYDLPQPYAKYLTVELSVKEAPFSWDSFALIQGETKAPFTAATTARHEGKLAPNHVY,127
4pqxA01,SRSLVISTINQISEDSKEFYFTLDNGKTFPSNSQAWGGEKFENGQRAFVIFNELEQPVNGYDYNIQVRDITK,72
3ujzA03,ALPAKENEGCIVSVNSGKRYCLPVGQRSGYSLPDWIVGQEVYVDSGAKAKVLLSDWDNLSYNRIGEFVGNVNPADKKVKAWNGQYLDFSKPRSRVVYK,98
1wgbA00,NLEAKKKVLRSFTYGLYVLTAKDGDEVAAGTVNWVTQASFQPPLVAVGLKRDSHLHALVERTGKLALTLAHDQKAIAQDFFKPTVREGDRLNGHPFEPSPTFGLPLLTELPYWLEAEVRHLYPGGDHSLVVAEVVEAGVRREEKPLVWDTGWFYGG,156
1j26A01,LSISYCRSSGPGGQNVNKVNSKAEVRFHLASADWIEEPVRQKIALTHKNKINKAGELVLTSESSRYQFRNLAECLQKIRDMIAEASG,87
3ke3A02,LLEYSVVYTDRALNHSKAFQEVNDLLSNLKTVYNAEAAVIIPGSGTYGEAVARQLTIDEDCLIIRNGWFSYRWTQILEKGKFAKSSTVLTAERTEDTEAPKPFAPVDIETAVAKIKEDKSAIVYAPHVETSSGIILSEEYIKALSEAVHSVGGLLVIDCIASGCVWLDKELGIDVLISAPQGWSSTPCAGLVLSAAAIKKVESTESNCFSLDLKQWLTIRAYENGGHAYHATPTDSLRQFRDAILEAKEIG,251
1ii2B01,PPTIHRNLLSPELVQWALKIEKDLDKRIVDTDDVRENVDWGKVNMKLSEESFARVRKIAKEFLDTREHLFVVDCFAGHDERYRLKVRVFTTRPYHALFMRDMLIVPTPEELATFGEPDYVIYNAGECKADPSIPGLTSTTCVALNFKTREQVILGTEYAGEMKKGILTVMFELMPQMN,178
1di2A00,MPVGSLQELAVQKGWRLPEYTVAQESGPPHKREFTITCRVETFVETGSGTSKQVAKRVAAEKLLTKFKT,69
1zboA01,AEIPLFPLSNALFPAGVLRLRVFEIRYLDVRRCIADGSEFGVVVLEQGTEVRRPDGREVLARAGTARIDHWEAPPALLELACTGTGRFRLHACTQGKYGLWTGQAEPVPD,110
4d4rB01,TRDYEIQRERIELGRCIGEGQFGDVHQGIYMSPENPAMAVAIKTCKNCTSDSVREKFLQEALTMRQFDHPHIVKLIGVITENPVWIIMEL,90
1dzfA02,NITHHELVPKHIRLSSDEKRELLKRYRLKESQLPRIQRADPVALYLGLKRGEVVKIIRKSETSGRYASYRICM,73
3m6aA01,QTLTEKIEEAGMPDHVKETALKELNRYEKIPSSSAESSVIRNYIDWLVAL,50
3hoiA00,GAERTIQLPKPDNRAGLLKALSERHSTREYASKALSNTDLSDLLWAANGINRSSEGKRTAPSANRQDIDIYVVLPQGTYLYDAKGHKLNLISEGDHRSAVAGGQAFVNNAPVSLVLVSDLSKLGDAKSNHVQLGADAGIVSQNISLFCSAARLATVPRASDLVRLKAALKLKDTQPNHPVGYFK,184
4fe9A03,APTELYMTGSAYNWGTPAGDPNAWKALVPVNGTKGTFWGIFYFAANDQVKFAPQANWGNDFGFVDAISQESKDLAGLSDEGGNLKVGIAGWYLVYVSVIGDDKVIEFEKP,110
2yu1A02,PFYYEMCWYVLERYVYCITNRSHLTKEFQKESLSMDLEQVHLTHFELEGLRCLVDKLESLPLHKKCVPTGIEDEDALIADVKILLEELANSDPKLALTGVPIVQWP,106
4fb9A02,RFQTVSGFVAGLLHPKAVAAASGKIGNEKAQVNGWQDLSAALLKTDVKPPPGKSPAKFAPIEKGVRTAVQAANTLGILLFVEVPGGLTVAKALELFHASGGK,102
1k5dB00,NHDPQFEPIVSLPEQEIKTLEEDEEELFKMRAKLFRFASENDLPEWKERGTGDVKLLKHKEKGAIRLLMRRDKTLKICANHYITPMMELKPNAGSDRAWVWNTHADFADECPKPELLAIRFLNAENAQKFKTKFEECRKEIEEREK,146
3mcaA03,PVRRVRSFVAEIQTFDIHGPILSGSTLVLHLGRTVTSVSLKIVTVNNKRSRHIASRKRALVRISFLDGLFPLCLAEECPALGRFILRRSGDTVAAGIVKELC,102
3hhjB00,SLLIVVACALLDQDNRVLLTQRPEGKSLAGLWEFPGGKVEQGETPEASLIRELEEELGVHVQADNLFPLTFASHGYETFHLLMPLYFCSHYKGVAQGREGQNLKWIFINDLDKYPMPEADKPLVQVLKNFF,131
1u3eM02,NVSKAQQIAKIKNQKPIIVISPDGIEKEYPSTKCACEELGLTRGKVTDVLKGHRIHHKGYTFRYKLNG,68
4rs4B02,GLTPPLSILKNLGVVATYKFVLWDYEAERPLTSFTKSVCGYTDFAEDVCTCYDNSIQGSYERFTLSTNAVLFSATAVKAGGKSLPAIKLNFGMLNGNAIATVKDGNIKNINWFVYVRKDGKPVDH,125
5ejwA00,HHSSGLVPRGSHMELSAIGEQVFAVESIRKKRVRKGKVEYLVKWKGWPPKYSTWEPEEHILDPRLVMAYEEKEERDRASG,80
4flnA02,VHLVPYHIDGGQPSYIIVAGLVFTPLSEPLIEEECEDTIGLKLLTKARYSVARFRGEQIVILSQVLANEVNIGYEDMNNQQVLKFNGIPIRNIHHLAHLIDMCKDKYLVFEFEDNYVAVLEREASNSASLCILKDYGIPSERSADLLEPYVD,152
6j5cA02,SPAKTREYCLHEAKKKATGYVYDAVDLAQTIILELDKTAEHLPTAWQVHRDWFNDLALPWKHDGNPHWLGDQTGVLLRALAGV,83
3qq2B00,DAGGPWARTFSERQQISNRAYDQTVSGLEIGLDRGWSASGGRWYAGGLLGYTYADRTYPGDGGGKVKGLHVGGYAAYVGDGGYYLDTVLRLGRYDQQYNIAGTDGGRVTADYRTSGAAWSLEGGRRFELPNDWFAEPQAEVMLWRTSGKRYRASNGLRVKVDANTATLGRLGLRFGRRIALAGGNIVQPYARLGWTQEFKSTGRHGRVELGAGVDAALGKGHNLYASYEYAAGDRINIPWSFHAGYRYSF,250
1gs0A02,HCALRPLDHESNEFKVISQYLQSTHAPTHKDYTMTLLDVFEVEKEGEKEAFREDLPNRMLLWHGSRLSNWVGILSHGLRVAPPEAPITGYMFGKGIYFADMSSKSANYCFASRLKNTGLLLLSEVALGQCNELLEANPKAQGLLRGKHSTKGMGKMAPSPAHFITLNGSTVPLGPASDTGILNPEGYTLNYNEFIVYSPNQVRMRYLLKIQFNFL,215
2odhA02,SNLTLFHKKPVAGQTVIQIFNRFGYVKPEVMKKKLFTTIKGGRLNNLGLTLNAKHASEINLYYQDEYLSTWDLDITSLINDGVLVMDLCIDQDLSKSKGPHDRGPHLRIP,110
3deeA02,QIPDIPDIHYSNDSKYTPSPAAFIRQYRYDVTHDLQEAETALLIWRNAEDDVYQTLDGFDLLEIGSSALSFDTLAQTLVEFPKADNWKNILLGKWSGWIEQRIIIPSLS,109
2rbbA00,NADLSYVNIFTRDIVASAFYQQVFGFQEIESIRSPIFRGLDTGKSCIGFNAHEAYELQLAQFSETSGIKFLLNFDVDTKEAVDKLVPVAIAAGATLIKAPYETYYHWYQAVLLDPERNVFRINNVL,126
1s4kA00,ANALELQALRRIFDTIEECTIYITQDNNSATWQRWEAGDIPISPEIIARLKEKARRQRRINAIVDKINNRIGNNTRYFPDLSSFQSIYTEGDFIEWKIYQSVAAELFAHDLERLC,115
4igbB02,RPVLEVDPAEIPAKDGQDVTYKATFKVPVPGKDILAAPSSIEMVQKFDERLDYKELKVESGGVTLQEGRDYTIEKTGQTVTVKMTPEYLKGNSSSDIIITYKTATNKKVEEKGSEKIDNTVTLHVDNLSAPSNQVSTALLYEK,143
2x98A02,RDSPYEVEYDVLAAQKATTSRLRDLLAGVRSADELESIVAAHTGITALTDREVAKLRDAPGSISTILAERAGI,73
2v6eA04,GEENARLAALQKLDSMMPDFARGDAGVRIHETVKQLVEQDPSIKITNSTLRPFNFSTRLIPRYLEFAADALGQFVGENGQWQLKDEAPAIVLP,93
4aqsA03,RDPNLCEPCTCDPAGSENGGICDGYTDFSVGLIAGQCRCKLHVEGERCDVCKEGFYDLSAEDPYGCKSCACNPLGTIPGGNPCDSETGYCYCKRLVTGQRCDQ,103
2yxzD01,RLKDLGERALLARLAPLGYPPEAPLPPGDDAGGVWAEGRAWLLKTDGFLYREVALKGMGPFEVGFRGVAATASDLLAKMGRPLGFTLGLFLPEDLEEGFVLELVRGAAEAAKRLGAFLLGGDTNRGVEVALTVSGYALAEAP,142
4qunA00,NADTLEGSMAQLKKGLESGTVLIQFEQLYRKKPGLAITFAKLPQNLDKNRYKDVLPYDTTRVLLQGNEDYINASYVNMEIPAANLVNKYIATQGPLPHTCAQFWQVVWDQKLSLIVMLTTLTERGRTKCHQYWPDPPDVMNHGGFHIQCQSEDCTIAYVSREMLVTNTQTGEEHTVTHLQYVAWPDHGVPDDSSDFLEFVNYVRSLRVDSEPVLVHSSAGIGRTGVLVTMETAMCLTERNLPIYPLDIVRKMRDQRAMMVQTSSQYKFVCEAILRVYEEGLVQ,283
2lcuA01,KEQIDWLAERYSADLTNKDTSKWNTDEKVKELLNEKAVGIESRLLAIAKEFHKLKSVLCTGVNETPAHVANRVSPGDAISMLYVLSITHRELSSLKNKIDEWKKVKASEDGTKVIQNIKDDRTNTWFVAHGFKVAELNDVTLEKLATVVNELVSHKDMIYINDAMKQNVDKWTKEESERLAMMAE,185
2yk0A03,KNKGENDLNKINIKDKSPTTFDVDMIYLRRQYMKNELKSFVESTCLFKGMRNQEWTCQILKNLDVCKLNNFNKVIDIDKHITFKVLLERWLKDFLEGYKKSKRKINPCTKDKNSCIKLCINKCTCVEEWLNKKEKEWGQIKKHFNKQFHGEGYDIAFKVKSYFEDNEADVRKSIDNFHVLKNKEEYEICNVDDNCRSQNNKKKKDIVTILLKELKDKIVSCKNQHKA,227
4qenA03,IEGLVCEDISGGLEFKGIPATNRVDDSPVSPTSGFTYIKSLIIEPNVIIPKSSTGCNCRGSCTDSKKCACAKLNGGNFPYVDLNDGRLIESRDVVFECGPHCGCGPKCVNRTSQKRLRFNLEVFRSAKKGWAVRSWEYIPAGSPVCEYIGVVRRTADVNEYIFEIDCPEFCIDAGSTGNFARFINHSCEPNLFVQCVLSSHQDIRLARVVLFAADNISPMQELTYDYGYALDSVHGPDGKVKQLACYCGALNCRKRLY,258
1p9oA00,RWAEVMARFAARLGAQGRRVVLVTSGGTKVPLEARPVRFLDNFSSGRRGATSAEAFLAAGYGVLFLYRARSAFPYAHRFPPQTWLSALRPSGPLSGLLSLEAEENALPGFAEALRSYQEAAAAGTFLVVEFTTLADYLHLLQAAAQALNPLGPSAMFYLAAAVSDFYVPPLQITMKMVPKLLSPLVKDWAPKAFIISFKLETDPAIVINRARKALEIYQHQVVVANIFVLIVTKDSETKLLLSEEEIEKGVEIEEKIVDNLQSRHTAFI,269
1ehiA02,VNGARELEVGVIGNDQPLVSEIGAHTVPNQGSGDGWYDYNNKFVDNSAVHFQIPAQLSPEVTKEVKQMALDAYKVLNLRGEARMDFLLDENNVPYLGEPNTLPGFTNMSLFKRLWDYSDINNAKLVDMLIDYGFEDFAQNKKLS,144
1tolA01,AETVESCLAKSHTENSFTNVWKDDKTLDRYANYEGCLWNATGVVVCTGDETQCYGTWVPIGLAIPSGADINNYAGQLDFKPA,82
1k85A00,HMAPTAPTNLASTAQTTSSITLSWTASTDNVGVTGYDVYNGTALATTVTGTTATISGLAADTSYTFTVKAKDAAGNVSAASNAVSVKT,88
2yilA02,DACWMDGNNPLAVWDYSGQPPALCWAACMGTPGCDLYTFQGMTCKLYSQTS,51
4o5fA02,LLIATFGTATTLEALRADGRFTGGLIAPGWALMMRSLGMHTAQLPTVSIDAATSLLDELAANDAHAPFAIDTPHALSAGCLQAQAGLIERAWRDLEKAWKAPVRLVLSGGAADAIVRALTVPHTRHD,127
4cckA03,APVDAVADQRAKDFIHDSLPPVLTDRERALSVYGLPIRWEAGEPVNAQLTTETEVHMLQDGIARLVGEGGHLFLYYTVENSRVYHLEEPKCLEIYPQQADAMELLLGSYPEFVRVGDLPCDSVEDQLSLATTLYDKGLLLTKMPLA,146
2qvsB02,VPLFKSLEMSERMKIVDVIGEKIYKDGERIIAQGEKADSFYIIESGEVSILIRSKTKSNKNGGNQEVEIAHCHKGQYFGELALVTNKPRAASAYGVGDVKCLVMDVQAFERLLGPCMDIMKRNISHYEEQL,131
3gqqA00,KQPIGPEDVLGLQRITGDYLCSPEENIYKIDFVRFKIRDDSGTVLFEIKKPPNAGRFVRYQFTPAFLRLRQVGATVEFTVGDKPVNNFRIERHYFRNQLLKSFDFHFGFCIPSSKNTCEHIYDFPPLSEELISEIRHPYETQSDSFYFVDDRLVHNKADYSYS,163
1luiA00,NNLETYEWYNKSISRDKAEKLLLDTGKEGAFMVRDSRTPGTYTVSVFTKAIISENPCIKHYHIKETNDSPKRYYVAEKYVFDSIPLLIQYHQYNGGGLVTRLRYPVCG,108
4fkeA03,FPVITVDTKTGNISQKHFLLDSESNVTRSSAFDYLWIVPISSIKNGVMQDHYWLRDVSQAQNDLFKTASDDWVLLNVNVTGYFQVNY,87
1y9lA00,EKEWHIVPVSKDYFSIPNDLLWSFNTTNKSINVYSKCISGKAVYSFNAGKFMGNFNVKEVDGCFMDAQKIAIDKLFSMLKDGVVLKGNKINDTILIEKDGEVKLKLIRGI,110
3d3oA00,SNALFSSRDILEVLQDIHETGETVAIATKNDIYLQYIQIIESVHALRFHVDENAIRPLTSSNGWLSTNDKAIDNTVRRANTITQKDGIRFEVDDARIRQVREQGYASAEHIPFVGGGTICVLLPTIQGQPVTGLGGALDRIKQNYDRYLELLLNGVQQLKKSDSFHQ,167
3thdC02,YMFIGGTNFAYWNGANSPYAAQPTSYDYDAPLSEAGDLTEKYFALRNIIQKFEKVPEGPIPPSTPKFAYGKVTTEDAVRSHLGGWNYTLPAFYMGNFSIPSGIPDLPQDTFIQFPGWTKGQVWINGFNLGRYWPARGPQLTLFVPQHILMTSAPNTITVLELEWAPCSSDDPELCAVTFVDRPVIGSS,188
3v0dA02,LPPMKKLKVTGVTITAIQGVGRGNGSDLSMQIVSERQEVLLCKFAEGYNCALQYDATDDCVTCEVKNCPVLAGDIKVRFMSTSKSLPRGYDNCPFYFWFNTSLVEGDHVTLKREEIDNPHKKKTWKIYRDNFTVKLTFSDAED,143
2hb0B02,DKGNIQIWLPQFKSNARVDLNLRPTGGGTYIGRNSVDMCFYDGYSTNSSSLEIRFQDDNSKSDGKFYLKKINDDSKELVYTLSLLLAGKNLTPTNGQALNINTASLETNWNRITAVTMPEISVPVLCWPGRLQLDAKVKNPEAGQYMGNIKITFTPSSQTLDNKQVEKNITVTASVDP,178
1jj2A03,GGGGRTDKPFVKAGNKHHKMKARGTKWPNVRGVAMNAVDHPFGGGGRQHPGKPKSISRNAPPGRKVGDIASKRTGRGG,78
2bhgA02,ITKHFRDTARKKGTPVVGVVNNADVGRLIFSGEALTYKDIVVTPGLFAYKAATRAGYAGGAVLAKDGADTFIVGTHSAGGNGVGYCSCVSRSLQKKAH,98
4pw3A01,KPLPDYVAWKDADALIVHSDKTLETKRSEFGTSIITPEEKLYIRNNVNTPPESILADRDGWKVEISGVKEPRTLTVAELKTLGLVTAATVLQCSGNGRKYFKDQLTGDQKMSGTPWTVGAAGCVIWSGVPLKAVVDALGGPAEGARFITGTGGEELPAGLDPKLLVVERSVPISNLDNVILAWEMNGRPLSLAHGGPLRMVVPGYSGVNNIKYVKAVAMTEVETDAKIQKTSYRVHALGEKGSPDQPSVWEQ,252
2hqrA02,SNVIEIGDLTISPDEEKIIYKGREVEVKGKPFEVLTHLARHRDQIVSKEQLLDAIWEEPEMVTPNVIEVAINQIRQKMDKPLGISTVETVRRRGYRFCYPKPACEE,106
3qdnA01,ASVQNIVNINESNLQQTLEQSTTPVLFYFWSERSQHCLQLTPVLESLAAQYHGQFILAKLDCDAEQIAAQFGLRAIPTVYLFQNGQPVDGFQGPQPEEAIRALLDKVLPR,110
2r0cA02,PGDHPLDAAWVTRVGGHEVYRIPLGTADTRATPEHTPDAPPRHRTQVFRNILFRAPELRSLLGERAALFFFLMLSSSLRFPLRALDGRGLYRLTVGVDDASKSTMDSFELVRRAVAFDTEIEVLSDSEWHLTHRVADS,138
2wakA00,DPAGLLDLRQGMFAQLVAQNVLLIDGPLSWYSDPGLAGVSLTGGLSYKEDTKELVVAKAGVYYVFFQMELRRVVAGEGSGSVSLALHLMPAAALALTVDLPPRNSAFGFQGRLLHLSAGQRLGVHLHTEARARHAWQLTQGATVLGLFRVTPEIPA,156
3arxA01,APTAPSIDMYGSNNLQFSKIELAMETTSGYNDMVKYHELAKIKVKFNQWSGTSGDTYNVYFDGVKVATGAITGSQTTASFEYGQGGLYQMEIEACDATGCSKSAPVEITIA,111
4mlzA02,EDGYRPDPLTWESLAQEITTVGTIFDAHSEAQSLVDTNEQLAAISPDSRGLSALWFSSGSDTPFVGGGSGSAQLVDTVGLRNIGSDIDDTWGPSWEAIIDANPDVIVLVDSSWSSAQKKKDILTSHPVASTLDAVVNDRYLVIDFPPTEPGVRTADGAVALADQLAALTV,170
1ei5A02,VSRVEADSAWFGSWLDDETGLVLSLEDAGHGRMKARFGTSPEMMDVVSANEARSAVTTIRRDGETIELVRASENLRLSMKRV,82
2hv2A02,LADLAKQKVALSYLARIVELQTFLEKYPFQSGEKETYSLEIEDSYGPWNEGIWTITIDEQGKATVTKGAATAALKADIQTWTQLFLGYRSAETLSFYERLQGDATIAQRLGQRLVKGP,118
3jamZ00,AKHAVVLDQDKFDRIMKEAPTYRYVSVSVLVDRFKLGGSLARVALRHLENEGIIKPVSKHSKQAIYTRAT,70
3wy7D01,PPVAAELDLASNDYLGLSQHPAEPQRARAVLDRAAELATIAGVTEAPVSAVVSVILGDPEIAVGAAAACLDRGVRVGCFRPPTVPAGTSRLRLAARASLTDDEMALARQVLTDVLATARA,120
5eokA02,ACNKDIYVDLDMKGINYNSSVAKSAQECQERCTDDVHCHFFTYATRQFPSLEHRNICLLKHTQTGTPTRITKLDKVVSGFSLKSCALSNL,90
5suhB01,RTQIRVYLLVEDLQRQFAAARGYPPYEGEHALIVEVSPALAIERVIDLALRAVPGVQPGILYVERQFGVLEIHSASLDEVRRAGEAILAGTGNRAEDQL,99
3w0fA01,VEGPGCTLNGEKIRARVLPGQAVTGVRGTALQSLLDSGWKLLRLFNGYVYSGVETLGKELFMYFGPRALRIHFGMKGSILINPREGENSPALAVQLTRDLICFYDSSVELRNSVESQQR,119
2jbvA02,PDDRGVPEVLQLDRWMELLESGYDWDYPIEPQENGNSFMRHARAKVMGGCSSHNSCIAFQINRRADGTRSS,71
1n7oA03,TFNQMIKELESSLIENNETLQSVYDAKQGVWGIVKYDDSVSTISNQFQVLKRGVYTIRKEGDEYKIAYYNPETQESAPDQEVFKK,85
5mu3B00,NIEQRKKYLDITLNDVTVTCEKDMILLRKGSFTASFRIAVENESIRSMAIDLNAFEVELQPIIQYAEDTQNVNVAMMAVVQFLRIKELHEQMISKIVEASKFIRASNNTITLNDLEVSFHCYWNLPSPYPETLILTNKVQKILDFLIYQYGIQLGVIKYGSTI,163
2o7rA00,LLKYLPIVLNPDRTITRPIQIPSTAASPDPTSSSPVLTKDLALNPLHNTFVRLFLPRHALYNSAKLPLVVYFHGGGFILFSAASTIFHDFCCEMAVHAGVVIASVDYRLAPEHRLPAAYDDAMEALQWIKDSRDEWLTNFADFSNCFIMGESAGGNIAYHAGLRAAAVADELLPLKIKGLVLDEPGFGGSKRTGSELRLANDSRLPTFVLDLIWELSLPMGADRDHEYCNPTPLYSFDKIRSLGWRVMVVGCHGDPMIDRQMELAERLEKKGVDVVAQFDVGGYHAVKLEDPEKAKQFFVILKKFVV,307
1vwxY00,MKFNPFVTSDRSKNRKRHFNAPSHIRRKIMSSPLSKELRQKYNVRSMPIRKDDEVQVVRGHYKGQQIGKVVQVYRKKYVIYIERVQREKANGTTVHVGIHPSKVVITRLKLDKDRKKILERKAKSRQVGKEKGK,134
3jb9a02,ASLNAERADYKIRKHFEQYGPLKSVVCSHRAKCAFVNFKTRSSAEIAAAASPDGNVLKVQWGK,63
3h7oA02,PWTVAVRTYPGEESLTCGGAILSQWFVLTAAHCVFDQKPETIVIQYESTNLWEDPGKSDPYVSHVYLSFYRQETMENDIAILELSRPLKLDGLKSKPVGSYVSWIQDIIKKK,112
1mwrA04,TIDAKVQKSIYNNKNDYGSGTAIHPQTGELLALVSTPSYDVYPFYGSNEEYNKLTEDKKEPLLNKFQITTSPGSTQKILTAIGLNNKTLDDKTSYKIDGKGWQKDKSWGGYNVTRYEVVNGNIDLKQAIESSDNIFFARVALELGSKKFEKGKKLGVGEDIPSDYPFYNAQILDNEILLADSGYGQGEILINPVQILSIYSALENNGNINAPHLLKDTKNKVWKKNIISKENINLLTDGQQVVNKTHKEDIYRSYANLIGKSGTAELKRQIGWFISYDKDNPNAINVKDVQDKGASYNAKISGKVYDELYENGNKKYD,318
1c0aA03,TFAEAERRYGSDKPDLRNPMELTDVADLLKSVEFAVFAGPANDPKGRVAALRVPGGASLTRKQIDEYGNFVKIYGAKGLAYIKVNERAKGLEGINSPVAKFLNAEIIEDILDRTAAQDGDMIFFGADNKKIVADAMGALRLKVGKDLGLT,150
4gb7A00,TTPSKNNVTKKNWLDDPYLRWSYTHKEFTLINDVKNNPDQIARFPSALQNLDDFAVQRRFGSATPLKELLDDNKTDAFVVVHNGQLVYERYFNGYNESEPHGASLAKVFTGAIIQSLAEENRIDLEKTADTYIKELKNTPFGKATLQQLDQVSVEYPTHGYEHPALENQDAQLYLASNILPRDKNYDGPKIYDLQEAKETAPPGSVFSYNNGSTETLAWIIRTITGKSLAENVSERIWSQIGEENAYYVTDETKIEQASAGLNATARDARFGQLLLNNGEYNGKQILPSSITEDIKNVQEGELAIGPGASISYHNQWWIPHNEQGAFEVLGSYGQTLYIDPKAKVIVHFSSNATPSNEIHSVYSNYIDIAHHLEKLPQ,378
4f55A01,QNDIQLMANAVYGESRGEPYLGQVAVAAVILNRVTSASFPNTVSGVIFEPRAFTAVADGQIYLTPNETAKKAVLDAINGW,80
1vq8T00,SKQPDKQRKSQRRAPLHERHKQVRATLSADLREEYGQRNVRVNAGDTVEVLRGDFAGEEGEVINVDLDKAVIHVEDVTLEKTDGEEVPRPLDTSNVRVTDLDLEDEKREARLESEDDSA,119
1e8cA01,RNLRDLLAPWVPDAPSRALRETLDSRVAAAGDLFVAVVGHQADGRRYIPQAIAQGVAAIIAEAKDEATDGEIREHGVPVIYLSQLNERLSALAGRFYHE,99
4hppA02,TPWPACPRSLLRAEVERYRDSGLQVIAAFEHEFSLLGLPGERPAAAFSLQAQRAAGQFPGWLVSALAQAGTEPEMFLPEYGQRQYEVTCRPAQGVAAADRAVNVREVTREVARQMGLRTCFAPLPAPGAVTNGVHLHLSLQHADGSPLLYEPGRPNDLSELGEHWAAGVLAHLPALCALTAPTAASYLRLKPHHWSAAYACLGLRNREAALRICPVVSVGGKPLGKQYNLEFRPMDATTCPHLAMAAVLIAGRLGIERRLPLRRGIQALPATLGDALDCLQRDEALCAELPKPLLDTYLAMKRHELALTAGLSDDDLCRHYAELY,325
3mlfA00,TENLYFQSNAKTLKELRTDYGLTQKELGDLFKVSSRTIQNEKDSTNIKDSLLSKYSAFNVKYDDIFLGNEYENFVFTNDKKKSIILAFKEKQ,92
4yonA01,PGPCAAARESERQLRLRLCVLNEILGTERDYVGTLRFLQSAFLHRIRQNVADSVEKGLTEENVKVLFSNIEDILEVHKDFLAALEYCLHPEPQSQHELGNVFLKFKDKFCVYEEYCSNHEKALRLLVELNKIPTVRAFLLSCMLLGGRKTTDIPLEGYLLSPIQRICKYPLLLKELAKRTPGKHPDHPAVQSALQAMKTVCSNINETKRQMEKLEA,216
4le7A02,EVGVKNKIIPTGTVMVPGTEYINGNYRLAFQGDGNLVIYQINPQVVIWATYTMGADRAVVQEDGNFVIYKGTTALWHTHTAT,82
3qsjA00,ATDIRKAATLVVIRDGANKDIEVLVVRRAKTRFLPGFVAFPGGAADPSDAEAKRAFGRPVCAEDDDDPALAVTALRETAEEIGWLLAVRDGEGTKDTPLAPDEQADLCKGGDALSAWLSARGLAFDLGLLRRIGRFVTPPTQPVRFDTRFFLCVGQHLGEPRLHGAELDAALWTPARDLTRIQSGELPAVRPTIAVLKALVACPNAEIASTLSIGP,216
1qcsA01,AGRSQAARCPTDELSLSNCAVVSEKDYQSGQHVIVRTSPNHKYIFTLRTHPSVVPGSVAFSLPQRKWAGLSIGQEIEVALY,81
3c4nA02,PLLHLLPAGEGSGLTPTLDALADFPEALALLDPARLPVARVDRLDLLSGAQTPVLRASGLTLRPQNGGYTLVPAIHHRDPHGYHPAGGSLTGVPTGLRRELLEDLVGLDAVPALAGEGLELGRS,124
4jj0B00,GFVAPNVQFSEAHWQGMEALPLSIELKRKLKLPLDLEGLLIDETSLNAAVSGLLAGDVLVAINGRKVKTLKKMQKETRRVQMDRRASLTVYRKGRLLTLTLSEEKNLGLAQVETAPMILPGDIMPHPYRGPCTQCHAIGTTGHITPDPDGIVLPPGPIRAGAKMPHRDRGPCAACHAIIQ,180
2rcfA00,MKIMQVEKTLVSTNRIADMGHKPLLVVWEKPGAPRQVAVDAIGCIPGDWVLCVGSSAAREAAGSKSYPSDLTIIGIIDQWNG,82
2xs1A01,ATFISVQLKKTSEVDLAKPLVKFIQQTYPSGGEEQAQYCRAAEELSKLRRAAVGRPLDKHEGALETLLRYYDQICSIEPKFPFSENQICLTFTWKDAFDKGSLFGGSVKLALASLGYEKSCVLFNCAALASQIAAEQNLDNDEGLKIAAKHYQFASGAFLHIKETVLSALSREPTVDISPDTVGTLSLIMLAQAQEVFFLKATRDKMKDAIIAKLANQAADYFGDAFKQCQYKDTLPKEVFPVLAAKHCIMQANAEYHQSILAKQQYYFGEEIARLQHAAELIKTVASRYDEYVNVKDFSDKINRALAAAKKDNDFIYHDRVPDLKDLDPIGKATLVKSTPVNVPISQKFTDLFEKM,357
